Asset ID,Entity,Asset,Public URL,Format,Dimensions,Background or alpha,Source or derivation,SHA-256,Approved use,Required credit,Limitations,Last verified
PUB-BR-001,Jared Mastroianni,Approved primary profile portrait v2 web JPEG,https://jaredmodstorage.github.io/images/jared-mastroianni/jared-mastroianni-primary-profile-v2-navy-blazer-800.jpg,JPG,800x800,Opaque,Deterministic square crop of governed source JM-IMG-003 with no facial-pixel generation or alteration,298b820078c4734e0a9bd84cbcb64c467729fcf3265d705abec6a8740306920e,Verified personal profile author portrait editorial coverage speaker programs and approved biography surfaces,Courtesy of Jared Mastroianni,Use only for Jared Mastroianni personal identity; do not alter identity imply endorsement or connect the image to an unsupported product result,2026-08-23
PUB-BR-002,Facily.ai,Original approved light logo,https://jaredmodstorage.github.io/facily-logo.png,PNG,1121x332,Transparent,Approved Logo Source Files,10aa7d907e78c1b55a7d93d9a37b273de904aef2a1a4e005a5d070516a5cb78a,Accurate Facily.ai identity use on dark backgrounds,Facily.ai,Do not use as proof of legal formation product ownership commercial availability partnership or endorsement,2026-08-21
PUB-BR-003,Facily.ai,Normalized light logo,https://jaredmodstorage.github.io/facily-logo-light.png,PNG,1121x332,Transparent,White silhouette derived from PUB-BR-002,b32d426d8782dd99842d96137dfa29c20d87997a8efb529eca75d29ba678ceed,Accurate Facily.ai identity use on dark backgrounds,Facily.ai,Derived color variant only; relationship and product claims remain separately governed,2026-08-21
PUB-BR-004,Facily.ai,Dark logo,https://jaredmodstorage.github.io/facily-logo-dark.png,PNG,1121x332,Transparent,Dark #183028 silhouette derived from PUB-BR-002,695e28d64f60d70fe44f142e387ea87cd3c779c97f39bd22be42bdb2bbe5cb3a,Accurate Facily.ai identity use on light backgrounds,Facily.ai,Derived color variant only; relationship and product claims remain separately governed,2026-08-21
PUB-BR-005,Facily.ai,Square light mark,https://jaredmodstorage.github.io/facily-mark-light.png,PNG,512x512,Transparent,Square light mark derived from PUB-BR-002,a44c3dba98a3ed71a67cc8370420f3310ae03d9a006a565a2f06c0ba351f6edd,Compact approved Facily.ai identity use on dark backgrounds,Facily.ai,Not a separate Facily OS product identity or evidence of a legal relationship,2026-08-21
PUB-BR-006,Facily.ai,Square dark mark,https://jaredmodstorage.github.io/facily-mark-dark.png,PNG,512x512,Transparent,Square dark #183028 mark derived from PUB-BR-002,1c419251d373e6f0c49bd8f24a17b6de11b29af002980385ba1af5b61b2a2d0c,Compact approved Facily.ai identity use on light backgrounds,Facily.ai,Not a separate Facily OS product identity or evidence of a legal relationship,2026-08-21
PUB-BR-007,Jared Mastroianni authority publication,Operating-layer editorial social image,https://jaredmodstorage.github.io/authority-system-social.png,PNG,1731x909,Opaque,Original generated authority-program asset,68f5e4d0f2922272f0d35af847049e9d82e1223d78966d0f8c2e71251f1fca19,Editorial illustration and social metadata for the authority publication,Jared Mastroianni authority publication,Illustrative image only; not a real facility product interface or measured operating result,2026-08-21
PUB-BR-008,Jared Mastroianni authority publication,JM site mark and favicon,https://jaredmodstorage.github.io/favicon.svg,SVG,Vector,Transparent,Original authority-site mark,e6d2e59b7b5bbb0342e0fb496dfc262decbfe4426bbb7b047aec8d467d1dc6f7,Authority-site browser and compact site identity use,Jared Mastroianni authority publication,Not a Facily.ai Facily OS or modSTORAGE logo,2026-08-21
PUB-BR-009,Jared Mastroianni,Approved primary profile portrait v2 master PNG,https://jaredmodstorage.github.io/images/jared-mastroianni/jared-mastroianni-primary-profile-v2-navy-blazer-1600.png,PNG,1600x1600,Opaque,Deterministic square crop of governed source JM-IMG-003 with no facial-pixel generation or alteration,a7eafdd024f03742d38ef5ce552a1e6cb56601553d6e2675b5324b7df040d530,Editorial coverage speaker programs profiles and approved biography surfaces,Courtesy of Jared Mastroianni,Use only for Jared Mastroianni personal identity; do not alter identity imply endorsement or connect the image to an unsupported product result,2026-08-23
