Image ID,Collection,Headline,Public URL,Web dimensions,SHA-256,Alternative text,Storyline,Brand focus,Suggested use,Source file,Source SHA-256,Status,Last verified
JM-IMG-001,professional,Quiet confidence before the work begins,https://jaredmodstorage.github.io/images/jared-mastroianni/jared-mastroianni-white-shirt-executive-office.jpg,1441x1800,fae72c6baba6d453299cc6d08f783668c23bbec7883fe913ec6ed9925b3046a1,AI-generated editorial image of Jared Mastroianni in a white shirt executive office setting,"This image frames Jared as the leader who creates clarity before asking a team to move. It connects his professional presence to the disciplined, behind-the-scenes operating work that supports modSTORAGE and the development of Facily.",Professional brand; modSTORAGE; Facily,"Executive biography, About page, or leadership introduction",001-professional-white-shirt-executive-office.png,c9d3d500dfe4e989382dec1bba5c6477c7900c5cd217b0c75363322c62dfb371,Public web derivative prepared,2026-08-23
JM-IMG-002,professional,Clear judgment without unnecessary theater,https://jaredmodstorage.github.io/images/jared-mastroianni/jared-mastroianni-light-gray-blazer-headshot.jpg,1441x1800,a1218a6870aab1fe763f93d5452cd49350db5b8d47852a3cb4e9de97ef1278c3,AI-generated editorial image of Jared Mastroianni in a light gray blazer headshot setting,"A clean executive portrait supports a story about making complex self-storage decisions understandable. The focus is steady judgment: listen, establish the facts, and give the team a direction it can execute.",Professional brand; self-storage leadership,"Speaker biography, media profile, or bylined article",002-professional-light-gray-blazer-headshot.png,5f8075f9226b669fe4d9d0b346de9de86f28c91eec93b52885b993ce5d77ad41,Public web derivative prepared,2026-08-23
JM-IMG-003,professional,Building modern operations with a practical mindset,https://jaredmodstorage.github.io/images/jared-mastroianni/jared-mastroianni-navy-blazer-office-portrait.jpg,1441x1800,b680ab8d918c5a8ad3425f08d71a250a7e59c4b725622c4fbc0d68e578f78a86,AI-generated editorial image of Jared Mastroianni in a navy blazer office portrait setting,"The modern office setting positions Jared between established operating discipline and the next generation of tools. The storyline is that technology matters when it helps real facility teams perform better, not when it merely looks impressive.",modSTORAGE; Facily,Website leadership page or technology-and-operations post,003-professional-navy-blazer-office-portrait.png,ad62238f5f74e63670ce12479957784cfc87beef9f9c01b38746dfa8daa81a40,Public web derivative prepared,2026-08-23
JM-IMG-004,professional,A measured operator in consequential moments,https://jaredmodstorage.github.io/images/jared-mastroianni/jared-mastroianni-charcoal-blazer-headshot.jpg,1441x1800,1b6923824b9b209745260b13ab2cc85ce7dd9c95b92e52bf0f9a499d073d0c8f,AI-generated editorial image of Jared Mastroianni in a charcoal blazer headshot setting,"This portrait conveys the calm required when business decisions affect facilities, employees, customers, and capital. It presents Jared as an operator who values evidence, accountability, and thoughtful follow-through.",Professional brand; modSTORAGE,"Board biography, investor materials, or formal announcement",004-professional-charcoal-blazer-headshot.png,89345fcb27252af755555f2c412520ada7b383ac28e2fadf1dfdd894598c3dea,Public web derivative prepared,2026-08-23
JM-IMG-005,professional,Formal leadership grounded in accountability,https://jaredmodstorage.github.io/images/jared-mastroianni/jared-mastroianni-navy-suit-tie-headshot.jpg,1441x1800,90483d1340c31dace44e503a46dd831a587b594cf486e998dd12befc570a6666,AI-generated editorial image of Jared Mastroianni in a navy suit tie headshot setting,"The suit-and-tie image supports a governance storyline: leadership is not only vision, but ownership of outcomes. It can introduce Jared in contexts where responsibility, standards, and long-term stewardship matter most.",Professional brand; business governance,"Board profile, conference program, or formal press use",005-professional-navy-suit-tie-headshot.png,494c3cae46468f02a93b8335f351c36df46518d8afffa71145df19617dec02d0,Public web derivative prepared,2026-08-23
JM-IMG-006,professional,Executive presence that still feels approachable,https://jaredmodstorage.github.io/images/jared-mastroianni/jared-mastroianni-cognac-blazer-portrait.jpg,1441x1800,ac5af3e47ac44a78c487c01fade7687a5aaf3ad97d92b56411b6a74fe3e07eeb,AI-generated editorial image of Jared Mastroianni in a cognac blazer portrait setting,"The textured brown blazer makes the story more personal and contemporary. It shows a leader who can move comfortably between strategic conversations, facility visits, and the practical work of building modSTORAGE and Facily.",Professional brand; modSTORAGE; Facily,"Founder story, LinkedIn profile feature, or partner introduction",006-professional-cognac-blazer-portrait.png,55f2f091612921513c328afc0deec37c9948f19dedaadf6a2ba6691f6d5305f2,Public web derivative prepared,2026-08-23
JM-IMG-007,professional,Learning is part of the operating system,https://jaredmodstorage.github.io/images/jared-mastroianni/jared-mastroianni-gray-sweater-library-portrait.jpg,1441x1800,b807ee25ef3324c31efb2ca502e0fcd904070be32b94837c9555d94a043585b4,AI-generated editorial image of Jared Mastroianni in a gray sweater library portrait setting,"The library setting creates a storyline around continuous learning. Jared's businesses improve when field experience, customer feedback, financial discipline, and new technology are treated as knowledge to be captured and shared.",Professional brand; modUNIVERSITY; Facily,Learning-and-development article or culture post,007-professional-gray-sweater-library-portrait.png,c1dec15cc1cfa32f0954565adfeb99b3b91ec348c08389c7591fdad2cadee207,Public web derivative prepared,2026-08-23
JM-IMG-008,professional,A more human face for technology leadership,https://jaredmodstorage.github.io/images/jared-mastroianni/jared-mastroianni-burgundy-blazer-office-portrait.jpg,1800x1200,1531405c1e35cf11b0a82416efd9ac7182c6ed4ac429f815d73196a400d4558a,AI-generated editorial image of Jared Mastroianni in a burgundy blazer office portrait setting,"The burgundy blazer and open office setting soften the traditional technology narrative. The storyline positions Jared as someone who brings people, operating context, and practical judgment into the development of Facily.",Facily; professional brand,Technology leadership page or product-development essay,008-professional-burgundy-blazer-office-portrait.png,a080c3babf1488cb03f201546b21fa1a4ca869693969fa81bad3dd77dee0aaab,Public web derivative prepared,2026-08-23
JM-IMG-009,professional,Conversation is better than presentation,https://jaredmodstorage.github.io/images/jared-mastroianni/jared-mastroianni-conference-room-conversation.jpg,1800x1200,9f9d0b765822493c7908ada2fb6fd8c61c81ab9d4adf515c5d1eda1415f630ca,AI-generated editorial image of Jared Mastroianni in a conference room conversation setting,"Rather than pointing at a wall or screen, Jared is engaged directly with colleagues. The story is that better decisions emerge from listening to the people closest to the problem and making the discussion itself the center of the room.",Professional brand; modSTORAGE; Facily,Leadership philosophy post or team-culture page,009-professional-conference-room-conversation.png,51cfb73f90222aede1ccaf9c6e77f082ba98d86191f9c9677da5e202e34fe762,Public web derivative prepared,2026-08-23
JM-IMG-010,professional,Systems are built in the quiet work,https://jaredmodstorage.github.io/images/jared-mastroianni/jared-mastroianni-charcoal-suit-executive-desk.jpg,1800x1200,1626b55c6cea7d0b6ccef16672f76441dd0018216ef36d8efe375f4516496086,AI-generated editorial image of Jared Mastroianni in a charcoal suit executive desk setting,"The desk portrait represents the less visible side of leadership: reviewing details, resolving ambiguity, and turning ideas into repeatable processes. It supports a narrative about building infrastructure that lets self-storage teams operate with greater confidence.",modSTORAGE; Facily,"Operating-system article, newsletter, or executive profile",010-professional-charcoal-suit-executive-desk.png,158183e085958a5d18b6f502e44485a782a5e897961cbd07c8201bd2988ba88d,Public web derivative prepared,2026-08-23
JM-IMG-011,professional,Translating complexity into a clear message,https://jaredmodstorage.github.io/images/jared-mastroianni/jared-mastroianni-lectern-public-speaking.jpg,1441x1800,6773d9e1ab5acdb45adb1b6afb27e95ec965fe9fc8d6af06422087eb483cd326,AI-generated editorial image of Jared Mastroianni in a lectern public speaking setting,"At the lectern, Jared represents the ability to turn complicated operating and technology topics into direction an audience can use. The emphasis is practical communication, not performance for its own sake.",Professional brand; self-storage industry; Facily,"Conference promotion, speaking page, or keynote recap",011-professional-lectern-public-speaking.png,96794ad096d2a1fc997cd17c76351ac6afd93b2eb16b997765ebbced414ce986,Public web derivative prepared,2026-08-23
JM-IMG-012,professional,Technology begins with the facility team,https://jaredmodstorage.github.io/images/jared-mastroianni/jared-mastroianni-facility-front-office-dark-denim.jpg,1800x1200,4fbf1c970082d8e458ca048198e0172369f6078f13014668a72b38dd6e09cab5,AI-generated editorial image of Jared Mastroianni in a facility front office dark denim setting,"This facility-office conversation positions frontline employees as the starting point for better systems. Jared's role is to listen, understand the real workflow, and connect those needs to how modSTORAGE operates and how Facily should evolve.",modSTORAGE; Facily; self-storage operations,"Operations article, product-discovery post, or recruiting content",012-professional-facility-front-office-dark-denim.png,7dc0203a01fee698098367c6da2dbe29df73467b0793152a5fa4f634b302a62d,Public web derivative prepared,2026-08-23
JM-IMG-013,professional,Leadership close enough to hear the truth,https://jaredmodstorage.github.io/images/jared-mastroianni/jared-mastroianni-facility-team-huddle-tobacco-blazer.jpg,1800x1200,2d081f6031f083b1625ffbc9ff2629c9d9e095ecb7d0190a86b95b9528b78bf7,AI-generated editorial image of Jared Mastroianni in a facility team huddle tobacco blazer setting,"The informal huddle tells a story about staying close to the people who run the property every day. Stronger decisions come from hearing what is working, what is slowing the team down, and what customers are actually experiencing.",modSTORAGE; self-storage operations,"Culture post, field-leadership article, or internal communications",013-professional-facility-team-huddle-tobacco-blazer.png,9aab7b9f19cef3f5d1f1cd4bea8c52035008aac46b7935c2686cd58bce4ed7c9,Public web derivative prepared,2026-08-23
JM-IMG-014,professional,Trust is earned one working relationship at a time,https://jaredmodstorage.github.io/images/jared-mastroianni/jared-mastroianni-facility-staff-handshake.jpg,1800x1200,bb1105273496e06390048182c8823a7fc883ffbf25257d2fef145a3ed81ab1c7,AI-generated editorial image of Jared Mastroianni in a facility staff handshake setting,"The handshake supports a relationship-centered storyline without making the setting feel ceremonial. It represents respect for employees, partners, and operators whose follow-through determines whether a strategy works in practice.",Professional brand; modSTORAGE,"Partner story, employee-recognition post, or relationship-focused profile",014-professional-facility-staff-handshake.png,54644f975453fa09f843f775a57f50e352f22447c98256bf3a3bfba22112857c,Public web derivative prepared,2026-08-23
JM-IMG-015,professional,The field expert should have the floor,https://jaredmodstorage.github.io/images/jared-mastroianni/jared-mastroianni-technician-walkthrough.jpg,1800x1200,ebd0287b67c23e8cfb93a240fb5cd944c7d1ee553888323da4e235fc5b838344,AI-generated editorial image of Jared Mastroianni in a technician walkthrough setting,Jared is listening while the technician explains an actual operating condition. The story is that executive leadership becomes more credible when it respects technical expertise and learns from the people who understand the equipment firsthand.,modSTORAGE; facility operations; Facily,Maintenance-operations article or field-learning post,015-professional-technician-walkthrough.png,fc1253e3815cc73dac1b22fd4f060873d0a86416726490c8610f2f9e4101c22a,Public web derivative prepared,2026-08-23
JM-IMG-016,professional,Strategy should survive a walk through the property,https://jaredmodstorage.github.io/images/jared-mastroianni/jared-mastroianni-exterior-staff-walkthrough.jpg,1800x1200,3878329552f4b9f0bdafc7d1ff2061bd9e8ffb814f2174a0e1a671f7794e2b4e,AI-generated editorial image of Jared Mastroianni in a exterior staff walkthrough setting,The exterior walkthrough represents the test every operational idea must pass: does it make sense at the facility level? Jared is shown engaging with staff in the environment where customer experience and operating standards become real.,modSTORAGE; self-storage operations,Facility-operations page or field-visit story,016-professional-exterior-staff-walkthrough.png,7e950b8ea75da3392ddab29b4df93ab08e52c7bff408f947c10765f70d0f471f,Public web derivative prepared,2026-08-23
JM-IMG-017,professional,One professional identity across several businesses,https://jaredmodstorage.github.io/images/jared-mastroianni/jared-mastroianni-website-biography-banner.jpg,1800x1200,c8a9f9f2d726a45d46939a1851c34567dfdd6f153e10a3dd0cfb343d08287af3,AI-generated editorial image of Jared Mastroianni in a website biography banner setting,"This portrait can anchor the broader story connecting Jared's self-storage experience, modSTORAGE leadership, and the development of Facily. The common thread is building clearer, more accountable ways to operate.",Professional brand; modSTORAGE; Facily,"Website hero, biography page, or media kit",017-professional-website-biography-banner.png,e08661195df8986ede75843c963440aa2a6e8b19acb13b21d0d2babd4ca1fd5d,Public web derivative prepared,2026-08-23
JM-IMG-018,professional,Giving the industry a practical point of view,https://jaredmodstorage.github.io/images/jared-mastroianni/jared-mastroianni-public-speaking-main-stage.jpg,1441x1800,53ee659caffe3517b8a33fa7cdf985ec8acbbf396d11634f5cf87cdcfbfec9af,AI-generated editorial image of Jared Mastroianni in a public speaking main stage setting,"The stage image supports a public-speaking storyline centered on useful lessons from operations, technology, and leadership. The message is grounded in what can be applied by owners, operators, and facility teams.",Professional brand; self-storage industry,"Speaking page, conference announcement, or thought-leadership campaign",018-professional-public-speaking-main-stage.png,b7f57948169a5a4ee26f151977d6c88d704ae437492cff0b113cc88d5016ac62,Public web derivative prepared,2026-08-23
JM-IMG-019,professional,Better governance starts with a real discussion,https://jaredmodstorage.github.io/images/jared-mastroianni/jared-mastroianni-board-meeting-discussion.jpg,1800x1200,16764042a21a8d9f8c48621cd98e66e7f953669bfadfc9c95827cbed34093916,AI-generated editorial image of Jared Mastroianni in a board meeting discussion setting,"The boardroom scene presents strategy as a shared examination of priorities, risks, and tradeoffs. Jared's role is to help the group move from opinion to a decision that can be owned and executed.",modSTORAGE; Facily; business governance,"Board update, governance article, or partner communication",019-professional-board-meeting-discussion.png,3658ab143f28e48fa8b6edc415d434059348abe78cff2d90acb03ca7701d669b,Public web derivative prepared,2026-08-23
JM-IMG-020,professional,Turning decisions into an operating rhythm,https://jaredmodstorage.github.io/images/jared-mastroianni/jared-mastroianni-executive-office-desk.jpg,1800x1200,3eeac04fbfe8719cbd0da329e68996041562dc8897ee043f12a5389c64a25293,AI-generated editorial image of Jared Mastroianni in a executive office desk setting,"The executive desk setting supports a story about what happens after the meeting: responsibilities are clarified, systems are aligned, and follow-through is made visible. This is the connective work behind scalable operations.",modSTORAGE; Facily,"Operations newsletter, executive profile, or systems-thinking post",020-professional-executive-office-desk.png,49b579b0b9aa25ab99c92ee5d1b2de891a022ab44891e6e201bf0d9edfb3b249,Public web derivative prepared,2026-08-23
JM-IMG-021,professional,Moving forward without losing operational perspective,https://jaredmodstorage.github.io/images/jared-mastroianni/jared-mastroianni-downtown-executive-walk.jpg,1441x1800,1098d0700f2e2035bc730c49f54e78ce5dfe8a5e4e7420f329cc9828a2abc8e1,AI-generated editorial image of Jared Mastroianni in a downtown executive walk setting,"The city walk conveys momentum and ambition while keeping Jared's identity grounded in real businesses. It works as a transition story from traditional self-storage operations toward more connected, technology-enabled management.",Professional brand; modSTORAGE; Facily,"Website banner, growth story, or strategic announcement",021-professional-downtown-executive-walk.png,7b7ece2a86f102c39a38c0ba958479137b9795ddc678a56557c34f6fe780a735,Public web derivative prepared,2026-08-23
JM-IMG-022,professional,Accessible leadership outside the boardroom,https://jaredmodstorage.github.io/images/jared-mastroianni/jared-mastroianni-outside-office-portrait.jpg,1441x1800,75f39141c71d635d44c3998236841d288bf76f2feaea53d5463b032d587984db,AI-generated editorial image of Jared Mastroianni in a outside office portrait setting,"This exterior portrait presents Jared as polished but available. The storyline emphasizes that strong leadership is visible in everyday conversations, not only formal meetings or public appearances.",Professional brand; modSTORAGE,"Social profile, partner biography, or local business feature",022-professional-outside-office-portrait.png,93338ecb8ab2f4029eee281a42025b5797c2658f449415d119a9ed6159dc5b0d,Public web derivative prepared,2026-08-23
JM-IMG-023,professional,An open-door approach to solving problems,https://jaredmodstorage.github.io/images/jared-mastroianni/jared-mastroianni-light-blue-shirt-meeting-room.jpg,1441x1800,8c7c5ff04bc391ab1553804d5dd812a5eb6972a3643bc27d8562b8a556ab5eaa,AI-generated editorial image of Jared Mastroianni in a light blue shirt meeting room setting,"The relaxed meeting-room image supports a story about candid discussion and practical problem solving. Jared creates space for questions before pushing toward an answer, helping teams understand both the decision and the reason behind it.",Professional brand; Facily; modSTORAGE,"Leadership post, team page, or interview feature",023-professional-light-blue-shirt-meeting-room.png,cf3e32ac0d016ae07585cd98fe4e9292369adf5e9c18b5677e889cbad4b558a1,Public web derivative prepared,2026-08-23
JM-IMG-024,professional,A consistent public presence,https://jaredmodstorage.github.io/images/jared-mastroianni/jared-mastroianni-full-body-studio-portrait.jpg,1441x1800,39e36ae8a0ce5b8e1c1491b430b55c9c9348b8f0f1dff32b98606924e31759a9,AI-generated editorial image of Jared Mastroianni in a full body studio portrait setting,"The full-body portrait supplies a formal, versatile image for moments when Jared's professional identity needs to stand on its own. It can visually connect his leadership across self-storage, modSTORAGE, and Facily without tying the message to one specific setting.",Professional brand,"Speaker kit, conference program, website, or press materials",024-professional-full-body-studio-portrait.png,85af0f414ee6379b76645450791a16922b17c3c5a01150703428dc07f5316787,Public web derivative prepared,2026-08-23
JM-IMG-025,professional,Leadership means answering the staff directly,https://jaredmodstorage.github.io/images/jared-mastroianni/jared-mastroianni-annual-all-staff-meeting.jpg,1800x1200,3f31d9a64d8e335b5e9e16868e5066486a1754ee07646c4fffc8c0cb2f1dba64,AI-generated editorial image of Jared Mastroianni in a annual all staff meeting setting,"The all-staff setting tells a story about transparency and access. Jared is not speaking over the organization; he is taking questions, hearing concerns, and making the direction understandable to the people responsible for delivering it.",modSTORAGE; organizational leadership,"Annual-meeting communication, culture post, or employee communication",025-professional-annual-all-staff-meeting.png,34ed828addc3a638fcccb0e3c4ef7348132cf59c67f6157d08e40713fc9e7b60,Public web derivative prepared,2026-08-23
JM-IMG-026,professional,The most useful answer begins with attention,https://jaredmodstorage.github.io/images/jared-mastroianni/jared-mastroianni-audience-question-and-answer.jpg,1800x1200,f6dea33ebc2df0c25cd18f1f47182843ac6ca063d18d5700a922b228e6410668,AI-generated editorial image of Jared Mastroianni in a audience question and answer setting,This audience Q&A image centers Jared's eye contact with the person asking the question. It supports a storyline about treating questions as operating intelligence rather than interruptions.,Professional brand; modSTORAGE; Facily,"Conference recap, leadership article, or social post",026-professional-audience-question-and-answer.png,168e5cbe4cceef01c9bc612728b366b24f2e08b1990de1f08827ad17bdd4d7e9,Public web derivative prepared,2026-08-23
JM-IMG-027,professional,Listening is part of board leadership,https://jaredmodstorage.github.io/images/jared-mastroianni/jared-mastroianni-board-meeting-listening.jpg,1800x1200,407e7d609300fe0c126c861b22c89701d378be68ce34852649c6e8edfa650e27,AI-generated editorial image of Jared Mastroianni in a board meeting listening setting,"The board-listening scene positions restraint as a strength. Before shaping the decision, Jared gives the speaker full attention and creates room for the information that could change the outcome.",Business governance; modSTORAGE; Facily,"Governance page, board communication, or leadership essay",027-professional-board-meeting-listening.png,be9d756c08ced1ab754ee7a6367475b247340df8f6dec1025c9023437f5c30e0,Public web derivative prepared,2026-08-23
JM-IMG-028,professional,"Strategy is built with people, not presented at them",https://jaredmodstorage.github.io/images/jared-mastroianni/jared-mastroianni-board-strategy-conversation.jpg,1800x1200,2e6cfb77c47af87133d811d2691f8fd13d8b17d5d1b09b26ba65c24caff78274,AI-generated editorial image of Jared Mastroianni in a board strategy conversation setting,"This board discussion reflects a collaborative approach to setting priorities. The storyline is about aligning operational reality, business goals, and technology choices before committing resources.",modSTORAGE; Facily; business strategy,"Strategic-planning article, partner deck, or executive update",028-professional-board-strategy-conversation.png,c7cd0c726b4a27cf798cd60c4758d466ed4a8caafa5b05eef230cb6749a2be57,Public web derivative prepared,2026-08-23
JM-IMG-029,professional,A candid conversation about building businesses,https://jaredmodstorage.github.io/images/jared-mastroianni/jared-mastroianni-fireside-chat.jpg,1800x1200,61b84955cc89b8ac7ca281c20d43502ab4a3eeee09c96c8fd085b61519fa123b,AI-generated editorial image of Jared Mastroianni in a fireside chat setting,"The fireside setting makes room for a more reflective story about lessons learned across self-storage, modSTORAGE, and Facily. It is suited to discussing judgment, setbacks, and the discipline required to keep building.",Professional brand; entrepreneurship,"Interview feature, podcast promotion, or founder story",029-professional-fireside-chat.png,5a207a166054ab4ad86ff10320a6a0fd6c68111b6810bfd91776a61c7c79cea5,Public web derivative prepared,2026-08-23
JM-IMG-030,retired provenance,"Retired black-turtleneck portrait",https://jaredmodstorage.github.io/images/jared-mastroianni/jared-mastroianni-black-turtleneck-natural-headshot.jpg,1441x1800,c972a11d95b75d354ea8d59fac969e087167894c8b6215e0017a9dadd4766364,Retired AI-generated portrait of Jared Mastroianni in a black turtleneck,Retained only so the prior image identity and checksum remain auditable.,Provenance only,"Retired; do not use as a current profile, author, editorial, or promotional image",030-professional-black-turtleneck-natural-headshot.png,2e564f7ddab8b24ed34cc7423d008837f7b7012e40a5947df945d897f5c5125c,Retired from active use; provenance retained,2026-08-23
JM-IMG-031,facility,The customer experience starts in the lobby,https://jaredmodstorage.github.io/images/jared-mastroianni/jared-mastroianni-lobby-manager-conversation.jpg,1800x1200,ee8c671aec15f90c74b18517a5b77ff70ebdd97d9a18bbf14d6258f9ff94b66a,AI-generated editorial image of Jared Mastroianni in a lobby manager conversation setting,"This conversation frames the front office as an operating environment, not merely a reception area. Jared listens to the manager because the small frictions employees notice here can shape the next improvement across modSTORAGE and Facily.",modSTORAGE; Facily; customer experience,Facility-operations article or customer-experience post,031-facility-lobby-manager-conversation.png,46e83fcc3b45c5defa0d96a4a3365fe376af43cc5845a552bf57661ae82a6be0,Public web derivative prepared,2026-08-23
JM-IMG-032,facility,Frontline feedback belongs in the operating plan,https://jaredmodstorage.github.io/images/jared-mastroianni/jared-mastroianni-corridor-team-check-in.jpg,1800x1200,f7f7c6b36bd27da0fdf98256d4bd9bf8d846dd0be1680dc21c5f400a78030559,AI-generated editorial image of Jared Mastroianni in a corridor team check in setting,"The corridor check-in shows a leader gathering context directly from the team. The storyline connects daily facility observations to better standards, clearer accountability, and smarter product decisions.",modSTORAGE; self-storage operations; Facily,Field-leadership post or operating-standards page,032-facility-corridor-team-check-in.png,cb25247503dc47b2274a2945c2869736700e34d1bf9b5a7527dccea404efb24a,Public web derivative prepared,2026-08-23
JM-IMG-033,facility,Customer conversations should shape the system,https://jaredmodstorage.github.io/images/jared-mastroianni/jared-mastroianni-front-counter-customer-conversation.jpg,1800x1200,c57735bda8265287fb7f81b1a2f73a7095ef443de1c15168660f85e8af8fd5a8,AI-generated editorial image of Jared Mastroianni in a front counter customer conversation setting,"At the front counter, Jared hears how the service experience actually unfolds. The story is about using real customer and employee feedback to improve both facility operations and the tools being developed around them.",modSTORAGE; Facily; customer service,Customer-experience article or product-discovery story,033-facility-front-counter-customer-conversation.png,ffc5c257b9db361f0edb11bce46e51bf25d99874c17630fb9fdd0d7d7696d68e,Public web derivative prepared,2026-08-23
JM-IMG-034,facility,Recognition reinforces the standard,https://jaredmodstorage.github.io/images/jared-mastroianni/jared-mastroianni-employee-recognition-moment.jpg,1800x1200,f7135443a18f7bac32d2bf8b64b44d53c623676712d9d985e31536b978c2791a,AI-generated editorial image of Jared Mastroianni in a employee recognition moment setting,"This image supports a culture storyline in which appreciation is personal and connected to meaningful work. Jared recognizes the people whose reliability, judgment, and care make the operating promise visible to customers.",modSTORAGE; people and culture,Employee-recognition post or careers page,034-facility-employee-recognition-moment.png,694a112a0436c7e157d790435ca1cda40511771d9032bb2bbd587a6dce2045a4,Public web derivative prepared,2026-08-23
JM-IMG-036,facility,Helping the customer make the right storage decision,https://jaredmodstorage.github.io/images/jared-mastroianni/jared-mastroianni-customer-unit-tour.jpg,1800x1200,136b5196690afda7bb9bb5737fc2a84bb951ab43e1081e850201b6cdcb9e8dab,AI-generated editorial image of Jared Mastroianni in a customer unit tour setting,"The unit-tour setting centers clear guidance rather than a sales pitch. Jared and the facility team listen to what the customer needs, then help translate that into a practical, confident choice.",modSTORAGE; self-storage customer experience,Customer journey page or service-standards post,036-facility-customer-unit-tour.png,9fd6a832e7501da72d96ab835acad0a871b101894a3317ecbf778350ebca7aba,Public web derivative prepared,2026-08-23
JM-IMG-037,facility,Operational intelligence lives with the technician,https://jaredmodstorage.github.io/images/jared-mastroianni/jared-mastroianni-roll-up-door-technician-listening.jpg,1800x1200,aedc6435d0b9f49b0562ecf56c255a3320e1296aac11dd95f6626c5a52e41b87,AI-generated editorial image of Jared Mastroianni in a roll up door technician listening setting,"The roll-up-door conversation shows technical expertise receiving executive attention. The storyline is that recurring field issues can become better maintenance standards and, where appropriate, better information inside Facily.",modSTORAGE; Facily; maintenance operations,Field-operations article or product-learning post,037-facility-roll-up-door-technician-listening.png,31be901e64cdf2b74132d361ed2181f3bfef216d96bedc29f577f10cf69cbd22,Public web derivative prepared,2026-08-23
JM-IMG-038,facility,Good vendor relationships are operating relationships,https://jaredmodstorage.github.io/images/jared-mastroianni/jared-mastroianni-vendor-loading-area-conversation.jpg,1800x1200,276978260851e51bf2771c4116a575ba8176ec5c37bc04617efa7f1015054cf4,AI-generated editorial image of Jared Mastroianni in a vendor loading area conversation setting,"The loading-area discussion positions vendors as part of the broader service system. Jared's focus is on shared expectations, reliable communication, and how outside partners support the facility's ability to deliver.",modSTORAGE; vendor operations,Vendor-partnership story or operations newsletter,038-facility-vendor-loading-area-conversation.png,33fb1e10985e3494c76d51f73281a9cf3279141f4c2f2ef0a4f6f4a3b39566f6,Public web derivative prepared,2026-08-23
JM-IMG-039,facility,Culture is built in ordinary conversations,https://jaredmodstorage.github.io/images/jared-mastroianni/jared-mastroianni-staff-break-room-huddle.jpg,1800x1200,6dddffeb9c6211fe60f6c3c6abfc5a10499902b82724e13533b8a139ba9267d0,AI-generated editorial image of Jared Mastroianni in a staff break room huddle setting,The break-room huddle presents leadership without ceremony. It tells a story about hearing employees in a setting where practical concerns surface naturally and trust can grow through consistent attention.,modSTORAGE; people and culture,"Recruiting page, culture post, or internal leadership story",039-facility-staff-break-room-huddle.png,52e90f065dadd95bb3ea687c8b3911b990ae53ea2e63c7286cd6db3ed40f2223,Public web derivative prepared,2026-08-23
JM-IMG-040,facility,Empathy belongs in facility operations,https://jaredmodstorage.github.io/images/jared-mastroianni/jared-mastroianni-customer-family-corridor-conversation.jpg,1800x1201,e4a2c682933543d22ee1c11b9261c78a8399a6298ba5adf335ad4494b2a3cbac,AI-generated editorial image of Jared Mastroianni in a customer family corridor conversation setting,The family conversation makes the customer situation the center of the image. The storyline is about pairing professional standards with the patience and understanding customers need during a move or transition.,modSTORAGE; customer experience,"Customer-care article, website service page, or community post",040-facility-customer-family-corridor-conversation.png,6422039442a0fe1e068b29e29dbe915df98b9cb86d9c97ea8083a67cd006bc30,Public web derivative prepared,2026-08-23
JM-IMG-041,golf,Relationships can open the door to better business conversations,https://jaredmodstorage.github.io/images/jared-mastroianni/jared-mastroianni-clubhouse-arrival-meeting.jpg,1800x1200,a358e60d8150164635c8dc2af389b0171716d6a22f13763ea4bd2342f0366109,AI-generated editorial image of Jared Mastroianni in a clubhouse arrival meeting setting,"The clubhouse arrival scene supports a relationship-building storyline around the self-storage industry. Jared listens first, allowing trust and shared context to develop before the conversation turns toward modSTORAGE or Facily.",Professional brand; modSTORAGE; Facily,Business-development post or partner introduction,041-golf-clubhouse-arrival-meeting.png,9153f3189a0994a4d7f1d884fe19de62273f41e5a1f7e6bb106cd9b163baa7fd,Public web derivative prepared,2026-08-23
JM-IMG-042,golf,The fairway creates room for a longer conversation,https://jaredmodstorage.github.io/images/jared-mastroianni/jared-mastroianni-fairway-walking-conversation.jpg,1800x1200,cf53fe4c81648538009608201a0b92fe86745a8bdcfe08f662f73c1fc4d9ff87,AI-generated editorial image of Jared Mastroianni in a fairway walking conversation setting,Walking between shots offers a natural metaphor for patient business development. The story is about discussing operating challenges without rushing to a pitch and discovering where goals genuinely align.,Professional brand; self-storage relationships,LinkedIn post or relationship-building article,042-golf-fairway-walking-conversation.png,49654d6dcd5ea5b0380d14660690a58bc9cec4c34863f09ab9ebd42a35ed14ec,Public web derivative prepared,2026-08-23
JM-IMG-043,golf,Some of the best ideas emerge between formal meetings,https://jaredmodstorage.github.io/images/jared-mastroianni/jared-mastroianni-golf-cart-business-conversation.jpg,1800x1200,0a60bad389be12d19fa13fbc3b306647fdb29f6958f076857fc3db8b332f635a,AI-generated editorial image of Jared Mastroianni in a golf cart business conversation setting,"The golf-cart setting supports an informal but substantive exchange. Jared uses the relaxed environment to listen closely, test assumptions, and understand how another operator sees the industry.",Professional brand; modSTORAGE,"Networking story, newsletter, or business-development content",043-golf-golf-cart-business-conversation.png,1dadf9796ed8e4fe0e3a9ebcb9379e09707be5ca93b3a40961bcb9eea3bc4b51,Public web derivative prepared,2026-08-23
JM-IMG-044,golf,Patience and precision apply beyond the putting green,https://jaredmodstorage.github.io/images/jared-mastroianni/jared-mastroianni-putting-green-discussion.jpg,1800x1200,6065e270600875474e41660c18688bd9227b45a877715133b482a3bf161d41f3,AI-generated editorial image of Jared Mastroianni in a putting green discussion setting,"This image connects the discipline of golf with the discipline of operations. Good outcomes come from reading the conditions, controlling the pace, and committing to a thoughtful decision.",Professional brand; leadership philosophy,Leadership post or personal-brand campaign,044-golf-putting-green-discussion.png,e8958387a6d6b38d6c9582a9c97c9dac8d22b29064483c01918a4d49e43de040,Public web derivative prepared,2026-08-23
JM-IMG-045,golf,Clarity before commitment,https://jaredmodstorage.github.io/images/jared-mastroianni/jared-mastroianni-tee-box-listening-meeting.jpg,1800x1200,67b543c64d20c1e958291e200c6126f631c4ad484f50cafeb54bdb8acd809fd8,AI-generated editorial image of Jared Mastroianni in a tee box listening meeting setting,"The tee-box conversation represents the moment before action. Jared listens to the full context, aligns on the objective, and only then moves forward - the same mindset he brings to business and technology decisions.",Professional brand; modSTORAGE; Facily,Decision-making article or executive social post,045-golf-tee-box-listening-meeting.png,50be359232400a55c9da4ed796b961845b68b4322d7d8189e60dea7b42e1601e,Public web derivative prepared,2026-08-23
JM-IMG-046,golf,The post-round conversation is where lessons become plans,https://jaredmodstorage.github.io/images/jared-mastroianni/jared-mastroianni-clubhouse-terrace-post-round.jpg,1800x1200,2866f52ebaaf72c17a377467321a493728b5e6f14ad39152e94098fcc041736a,AI-generated editorial image of Jared Mastroianni in a clubhouse terrace post round setting,The clubhouse terrace creates a storyline around reflecting on what was learned. It can introduce a business-development narrative in which a relationship moves from general discussion toward a concrete next conversation.,Professional brand; business development,Partner follow-up or relationship-focused post,046-golf-clubhouse-terrace-post-round.png,5ba56ee22a75ffed19bbfe64cb7bdc842015f411547dcf8128de1021f97011af,Public web derivative prepared,2026-08-23
JM-IMG-047,golf,Walking conversations make room for candor,https://jaredmodstorage.github.io/images/jared-mastroianni/jared-mastroianni-driving-range-walking-conversation.jpg,1800x1200,71644f96a9ee844b8f68851428bdcab9a7231d5fab20f798132e0f4912dc69e0,AI-generated editorial image of Jared Mastroianni in a driving range walking conversation setting,"The driving-range setting feels less formal while remaining professional. The storyline is about creating enough space for business partners to speak honestly about constraints, opportunities, and what a useful collaboration would require.",Professional brand; modSTORAGE; Facily,Partnership article or networking content,047-golf-driving-range-walking-conversation.png,db080a4fc86f5dfbd785966d39f7760736a46184deec52b5cc6ba61df8600293,Public web derivative prepared,2026-08-23
JM-IMG-048,golf,Trust is built over the full round,https://jaredmodstorage.github.io/images/jared-mastroianni/jared-mastroianni-eighteenth-green-discussion.jpg,1800x1200,f84784537ab7a0a8a5f57851c430a2c73b2e41e04fef0936011026520b124986,AI-generated editorial image of Jared Mastroianni in a eighteenth green discussion setting,"The eighteenth-green discussion represents consistency over time. Jared's professional story is not about one impressive moment; it is about showing the same attention, judgment, and follow-through from the first conversation to the last.",Professional brand; relationship leadership,"Founder post, values page, or business-development story",048-golf-eighteenth-green-discussion.png,598e7251e5fb45c6976102c023a4bd1ce3e7d87b6893295e109c199b3ac13e42,Public web derivative prepared,2026-08-23
JM-IMG-049,golf,Building an ecosystem around better self-storage operations,https://jaredmodstorage.github.io/images/jared-mastroianni/jared-mastroianni-clubhouse-lawn-networking.jpg,1800x1200,d5d903dfe2fdf4b4f4559684c8b822d5546112af9e1441828e2ddc24a771781d,AI-generated editorial image of Jared Mastroianni in a clubhouse lawn networking setting,"The clubhouse-lawn gathering supports a broader industry-network storyline. Jared is positioned as a connector among operators, technology leaders, and partners who can each contribute to a stronger operating environment.",modSTORAGE; Facily; self-storage industry,Industry networking post or partnership page,049-golf-clubhouse-lawn-networking.png,770f1b9fd3d7d516b84757bae5c3716085fbdfef7b964503c748ad7358c9c17b,Public web derivative prepared,2026-08-23
JM-IMG-050,golf,From informal rapport to a focused leadership discussion,https://jaredmodstorage.github.io/images/jared-mastroianni/jared-mastroianni-clubhouse-lounge-leadership-meeting.jpg,1800x1200,0b7cb005636671c92ef63d801fb1ec842591c68be8c3c5679b7436c4a65d40d2,AI-generated editorial image of Jared Mastroianni in a clubhouse lounge leadership meeting setting,"The lounge meeting closes the golf series with a more deliberate conversation. The story is about turning mutual understanding into clear questions, next steps, and a disciplined evaluation of fit.",Professional brand; business development; Facily,Executive relationship story or partner communication,050-golf-clubhouse-lounge-leadership-meeting.png,6afece6a4caa12be8b4569b39c40452ad24ecc4f2d27af77d5c8543dd2209ea0,Public web derivative prepared,2026-08-23
JM-IMG-051,ai,AI product discovery starts with the people doing the work,https://jaredmodstorage.github.io/images/jared-mastroianni/jared-mastroianni-ai-product-discovery-workshop.jpg,1800x1200,06eaf91fe63a41f5e22f52de4d14347ec114d11c3137dc8d68b8adab60ced61e,AI-generated editorial image of Jared Mastroianni in a ai product discovery workshop setting,"This workshop positions facility employees as the source of the problem definition. Jared connects their daily experience to the questions Facily should explore, keeping development grounded in real self-storage operations.",Facily; modSTORAGE; AI product development,"Facily product story, AI article, or recruiting page",051-ai-development-ai-product-discovery-workshop.png,c7e530989f2f905a2f8fa42431a5b453a0567b178f3ac95d6bb62f2c97f57c73,Public web derivative prepared,2026-08-23
JM-IMG-052,ai,Engineering review with the operating context in the room,https://jaredmodstorage.github.io/images/jared-mastroianni/jared-mastroianni-ai-engineering-design-review.jpg,1800x1200,aee2b5c061fd5ab22e7ed4e8ddac295d2e9899b11a487aabb2443eaa3ce27d57,AI-generated editorial image of Jared Mastroianni in a ai engineering design review setting,"The design-review image tells a story about balancing technical possibility with practical usefulness. Jared helps the team test whether an idea is understandable, governable, and relevant to the way facilities actually operate.",Facily; AI product development,"Technology article, product-development page, or team story",052-ai-development-ai-engineering-design-review.png,5aa6a224294c7426eba866e92c569e6216ff2ea0d05820e1426977ebebe293e1,Public web derivative prepared,2026-08-23
JM-IMG-053,ai,Connecting facility signals to better decisions,https://jaredmodstorage.github.io/images/jared-mastroianni/jared-mastroianni-ai-sensor-operations-walk.jpg,1800x1200,33ea04482c3b5132a38fbba66e05f279f385a0abea40c5179a9d355a3b0488e7,AI-generated editorial image of Jared Mastroianni in a ai sensor operations walk setting,"The corridor walk represents an early exploration of how operational signals could inform the people running the property. The storyline emphasizes questions, validation, and responsible development rather than claiming a deployed capability.",Facily; self-storage operations,AI exploration post or product-research narrative,053-ai-development-ai-sensor-operations-walk.png,524a0861e0ba70faecf7f10ab5bae1f7240936ff252013b6cf727b322881be46,Public web derivative prepared,2026-08-23
JM-IMG-054,ai,Computer vision needs operational judgment and clear boundaries,https://jaredmodstorage.github.io/images/jared-mastroianni/jared-mastroianni-computer-vision-pilot-inspection.jpg,1800x1200,009a6577c3cb640c1cd22bc8590edfda71269fc8af4a40d58efa2d2690fcf94b,AI-generated editorial image of Jared Mastroianni in a computer vision pilot inspection setting,"The camera-pilot discussion centers governance as much as technology. Jared's role is to ensure any exploration begins with a real operating need, defined responsibility, and respect for the people affected.",Facily; AI governance; self-storage,Responsible-AI article or technology principles page,054-ai-development-computer-vision-pilot-inspection.png,4f1b6120c37728d84384ecd711aa9315b7bc44435034a40a1b69dcb48cc96e00,Public web derivative prepared,2026-08-23
JM-IMG-055,ai,"Customer-service AI should support the employee, not erase the relationship",https://jaredmodstorage.github.io/images/jared-mastroianni/jared-mastroianni-customer-service-ai-pilot.jpg,1800x1200,8142d38cf3b1a03fa0c9e41751b5f84d00ed4bfee1349b4e52515cbed8010543,AI-generated editorial image of Jared Mastroianni in a customer service ai pilot setting,The front-desk pilot storyline keeps the employee and customer experience at the center. Facily is framed as a tool to explore clearer workflows and better support while preserving human judgment.,Facily; modSTORAGE; customer experience,Customer-service technology article or Facily positioning page,055-ai-development-customer-service-ai-pilot.png,ef863a5f7d5a6de8e9d89f1cc1d8902eb7df6a29a68852e533e32ebcdab45c86,Public web derivative prepared,2026-08-23
JM-IMG-056,ai,Smart access begins with reliability at the gate,https://jaredmodstorage.github.io/images/jared-mastroianni/jared-mastroianni-smart-access-control-pilot.jpg,1800x1200,f82964506e238cb8916d9acc3b8c6f20c888f23e115b65efcefbd00ba57d2d15,AI-generated editorial image of Jared Mastroianni in a smart access control pilot setting,The access-control conversation grounds innovation in a simple operational test: can the facility and customer depend on it? Jared listens to both the systems perspective and the manager's real-world experience before treating an idea as ready.,Facily; modSTORAGE; access operations,Product-research story or facility-technology article,056-ai-development-smart-access-control-pilot.png,684417a175a7dd9db140eb3ef3e464532153cdb5dd2042148de22b31dd035ec1,Public web derivative prepared,2026-08-23
JM-IMG-057,ai,Adoption is a leadership responsibility,https://jaredmodstorage.github.io/images/jared-mastroianni/jared-mastroianni-ai-rollout-staff-training.jpg,1800x1200,00bc4b52be23745d37b28d44ad9d2a5510a1233795846fc3c039fd156ec9eaa2,AI-generated editorial image of Jared Mastroianni in a ai rollout staff training setting,"The staff-training image shows that introducing AI is not only a technical rollout. Jared creates space for employees to ask questions, understand the purpose, and influence how a new workflow should be evaluated.",Facily; change management; modSTORAGE,"AI adoption article, staff communication, or culture page",057-ai-development-ai-rollout-staff-training.png,b01bb6276d576c1b3d903315a343e93d3c4f28a7a2e096d2ca00bf523bb2e01a,Public web derivative prepared,2026-08-23
JM-IMG-058,ai,Responsible AI requires a governance table,https://jaredmodstorage.github.io/images/jared-mastroianni/jared-mastroianni-ai-safety-governance-roundtable.jpg,1800x1200,5a57ff46e614909dee9490373011569014fe792ef589717b60838dc163e5f8ad,AI-generated editorial image of Jared Mastroianni in a ai safety governance roundtable setting,"The roundtable storyline focuses on boundaries, accountability, and human review. It positions Facily's development process as one that should examine risk and operational truth before celebrating automation.",Facily; AI governance; professional brand,"Responsible-AI principles, board narrative, or thought-leadership post",058-ai-development-ai-safety-governance-roundtable.png,deee7bcbefa4d07f09a28bbea2e0e543d78b8df2fd03ce1505b88112e9ecfb94,Public web derivative prepared,2026-08-23
JM-IMG-059,ai,Predictive maintenance starts with recurring field knowledge,https://jaredmodstorage.github.io/images/jared-mastroianni/jared-mastroianni-predictive-maintenance-pilot.jpg,1800x1200,d72aedec45daeca2528d01e4cda5a9a78249d482d1d84110de10c0fea25d3b9b,AI-generated editorial image of Jared Mastroianni in a predictive maintenance pilot setting,The door-side conversation shows how a technician's observations can shape a better question for the product team. The story is about exploring patterns carefully while keeping the technician's expertise and final judgment visible.,Facily; modSTORAGE; maintenance operations,AI-and-maintenance article or product-discovery story,059-ai-development-predictive-maintenance-pilot.png,f3b1324356891cb358c9687429b7225e9950b2b651d4f74c7bc20b1347bf738a,Public web derivative prepared,2026-08-23
JM-IMG-060,ai,The product improves when the feedback loop stays open,https://jaredmodstorage.github.io/images/jared-mastroianni/jared-mastroianni-ai-product-retrospective.jpg,1800x1200,15f916b84d36b63f6f7e8472e366f5285a99e70e84cb86d4274f8ae422948f4a,AI-generated editorial image of Jared Mastroianni in a ai product retrospective setting,"The retrospective closes the AI series with a cross-functional conversation. Jared brings facility operations, customer service, engineering, and data perspectives together so the next iteration begins with what the team actually learned.",Facily; modSTORAGE; AI product development,"Product-culture page, development update, or recruiting content",060-ai-development-ai-product-retrospective.png,b1bd98e4799bdcaaf51b4f4ece42d98c3f8136c76cdbc85c3bfd333c7c0c8850,Public web derivative prepared,2026-08-23
JM-IMG-061,professional,Approved primary profile portrait,https://jaredmodstorage.github.io/images/jared-mastroianni/jared-mastroianni-primary-profile-v2-navy-blazer-800.jpg,800x800,298b820078c4734e0a9bd84cbcb64c467729fcf3265d705abec6a8740306920,Jared Mastroianni wearing a navy blazer and light blue shirt in a contemporary office setting.,This square portrait is the current approved profile and author image for Jared Mastroianni. It is a deterministic crop of governed image JM-IMG-003; no facial pixels were generated or altered for the crop.,Jared Mastroianni personal identity,"Primary profile image or author portrait on Jared's verified personal and owned surfaces",jared-mastroianni-primary-profile-v2-navy-blazer-1600.png,a7eafdd024f03742d38ef5ce552a1e6cb56601553d6e2675b5324b7df040d530,Approved current primary profile portrait,2026-08-23
