record_id,transaction_family_id,workflow_type,facility_id,legal_entity_id,source_record_id,source_version,amount,currency,amount_type,initiating_actor,authority_ref,initiated_at,idempotency_key,destination,acceptance_state,acceptance_ref,accepted_at,remaining_condition,provider_or_network_state,provider_state_at,ledger_state,ledger_ref,posting_period,posted_at,independent_evidence_state,independent_evidence_ref,match_state,reconciliation_id,reconciliation_state,exception_reason,current_owner,required_next_action,evidence_boundary
FSG-R001,TF-FICTION-001,refund,FAC-FICTION-ALDER,LE-FICTION-A,RF-F001,v2,-125.00,USD,gross_refund,SITE-MGR-01,AUTH-F001,2026-08-22T08:00:00-06:00,idem-f001,PROVIDER-A,accepted_processing,prv_701,2026-08-22T08:00:04-06:00,await_terminal_provider_state,processing,2026-08-22T08:01:00-06:00,not_posted,none,2026-08,unknown,not_available,none,not_eligible,none,not_started,provider_nonterminal,PROVIDER-MONITOR-01,poll_governed_status_without_duplicate_request,"Fictional refund; processing is not posting bank receipt or reconciliation."
FSG-R002,TF-FICTION-002,vendor_payment,FAC-FICTION-BIRCH,LE-FICTION-A,AP-F002,v1,-840.00,USD,gross_disbursement,AP-CLERK-01,AUTH-F002,2026-08-22T09:15:00-06:00,idem-f002,BANK-ROUTE-A,accepted,bank_req_202,2026-08-22T09:15:03-06:00,await_independent_bank_evidence,submitted,2026-08-22T09:15:03-06:00,posted,J-F002,2026-08,2026-08-22T09:14:00-06:00,not_found,none,unmatched,REC-F002,open,cutoff_or_pending,RECONCILER-01,retain_open_item_and_check_next_source,"Fictional payment; ledger posting is not bank movement."
FSG-R003,TF-FICTION-003,automatic_payout,FAC-FICTION-CEDAR,LE-FICTION-A,PO-F003,v1,2460.00,USD,net_payout,PROVIDER-AUTO-01,AUTH-F003,2026-08-22T05:00:00-06:00,idem-f003,BANK-ACCT-A,accepted,payout_303,2026-08-22T05:00:01-06:00,await_batch_classification,paid_out,2026-08-22T05:02:00-06:00,posted,J-F003,2026-08,2026-08-22T05:15:00-06:00,present,BK-F003,matched,REC-F003,reconciled_with_open_items,two_adjustments_unclassified,ACCOUNTING-EXCEPTION-01,classify_adjustments_before_full_close,"Fictional net payout; bank receipt does not classify underlying items."
FSG-R004,TF-FICTION-004,customer_collection,FAC-FICTION-DELTA,LE-FICTION-B,CL-F004,v1,215.00,USD,gross_collection,AUTOPAY-RULE-01,AUTH-F004,2026-08-22T06:30:00-06:00,idem-f004,PROVIDER-B,accepted_terminal,charge_404,2026-08-22T06:30:08-06:00,await_posting_and_payout,succeeded,2026-08-22T06:30:08-06:00,not_posted,none,2026-08,unknown,not_available,none,not_eligible,none,not_started,posting_mapping_missing,ACCOUNTING-QUEUE-02,resolve_source_to_ledger_mapping,"Fictional collection; provider success is product-specific and not reconciliation."
FSG-R005,TF-FICTION-005,fee,FAC-FICTION-DELTA,LE-FICTION-B,FEE-F005,v3,-8.40,USD,provider_fee,PROVIDER-B,AUTH-F005,2026-08-22T06:30:09-06:00,idem-f005,LEDGER-B,not_applicable,none,unknown,source_generated_fee,available,2026-08-22T06:30:09-06:00,posted,J-F005,2026-08,2026-08-22T07:00:00-06:00,present,REPORT-F005,matched,REC-F005,reconciled,none,RECONCILER-02,retain_source_and_match_evidence,"Fictional fee; no pricing or provider relationship claim."
FSG-R006,TF-FICTION-006,refund,FAC-FICTION-ECHO,LE-FICTION-B,RF-F006,v1,-90.00,USD,gross_refund,SITE-MGR-04,AUTH-MISSING,2026-08-22T10:00:00-06:00,idem-f006,PROVIDER-B,technically_accepted,prv_606,2026-08-22T10:00:02-06:00,authority_review_required,processing,2026-08-22T10:01:00-06:00,not_posted,none,2026-08,unknown,not_available,none,blocked,none,blocked,initiator_authority_unproven,FINANCIAL-CONTROL-01,freeze_follow_on_actions_and_review_authority,"Fictional control failure; technical acceptance does not cure missing authority."
FSG-R007,TF-FICTION-007,vendor_credit,FAC-FICTION-FOXTROT,LE-FICTION-C,VC-F007,v2,310.00,USD,vendor_credit,AP-CLERK-02,AUTH-F007,2026-08-22T11:00:00-06:00,idem-f007,LEDGER-C,accepted,doc_707,2026-08-22T11:02:00-06:00,await_approval,not_applicable,unknown,draft,J-DRAFT-F007,2026-08,unknown,not_applicable,none,not_eligible,none,not_started,approval_pending,AP-APPROVER-01,approve_reject_or_return_with_reason,"Fictional credit; draft is not posted."
FSG-R008,TF-FICTION-008,deposit,FAC-FICTION-ALDER,LE-FICTION-A,DEP-F008,v1,1500.00,USD,gross_deposit,SITE-MGR-01,AUTH-F008,2026-08-21T16:00:00-06:00,idem-f008,BANK-ACCT-A,accepted,dep_808,2026-08-21T16:00:03-06:00,await_bank_cutoff,submitted,2026-08-21T16:00:03-06:00,posted,J-F008,2026-08,2026-08-21T16:05:00-06:00,present,BK-F008,matched,REC-F008,reconciled,none,RECONCILER-01,close_with_exact_source_bundle,"Fictional deposit; no cash-handling procedure or bank promise."
FSG-R009,TF-FICTION-009,chargeback,FAC-FICTION-BIRCH,LE-FICTION-A,CB-F009,v4,-420.00,USD,dispute_debit,PROVIDER-A,AUTH-F009,2026-08-20T12:00:00-06:00,idem-f009,LEDGER-A,accepted,evt_909,2026-08-20T12:00:10-06:00,response_deadline_open,disputed,2026-08-22T08:00:00-06:00,posted,J-F009,2026-08,2026-08-22T08:10:00-06:00,present,REPORT-F009,matched,REC-F009,reconciled_with_open_items,dispute_outcome_open,DISPUTE-OWNER-01,preserve_financial_match_and_separate_dispute_state,"Fictional dispute; reconciliation does not resolve the dispute outcome."
FSG-R010,TF-FICTION-010,automatic_payout,FAC-FICTION-CEDAR,LE-FICTION-A,PO-F010,v1,980.00,USD,net_payout,PROVIDER-AUTO-01,AUTH-F010,2026-08-22T05:00:00-06:00,idem-f010,BANK-ACCT-A,accepted,payout_1010,2026-08-22T05:00:01-06:00,await_bank_evidence,paid_out,2026-08-22T05:02:00-06:00,posted,J-F010,2026-08,2026-08-22T05:15:00-06:00,source_unavailable,none,unknown,REC-F010,blocked,bank_source_read_failed,RECONCILER-01,retry_source_read_and_keep_state_unknown,"Fictional outage; unavailable evidence is not failure or success."
FSG-R011,TF-FICTION-011,customer_collection,FAC-FICTION-DELTA,LE-FICTION-B,CL-F011,v1,75.00,USD,gross_collection,AUTOPAY-RULE-01,AUTH-F011,2026-08-22T06:45:00-06:00,idem-shared-11,PROVIDER-B,accepted_terminal,charge_1111,2026-08-22T06:45:05-06:00,none,succeeded,2026-08-22T06:45:05-06:00,posted,J-F011,2026-08,2026-08-22T07:00:00-06:00,present,REPORT-F011,matched,REC-F011,reconciled,none,RECONCILER-02,retain_idempotency_and_match_history,"Fictional first request in a duplicate-attempt pair."
FSG-R012,TF-FICTION-011,customer_collection,FAC-FICTION-DELTA,LE-FICTION-B,CL-F011-RETRY,v1,75.00,USD,gross_collection,AUTOPAY-RULE-01,AUTH-F011,2026-08-22T06:45:06-06:00,idem-shared-11,PROVIDER-B,prior_disposition_returned,charge_1111,2026-08-22T06:45:06-06:00,none,same_as_prior,2026-08-22T06:45:06-06:00,no_new_posting,J-F011,2026-08,2026-08-22T07:00:00-06:00,same_as_prior,REPORT-F011,duplicate_attempt_same_disposition,REC-F011,reconciled,duplicate_request_attempt,WORKFLOW-MONITOR-01,record_attempt_without_second_transaction,"Fictional retry; two attempts do not equal two financial events."
FSG-R013,TF-FICTION-013,refund,FAC-FICTION-ECHO,LE-FICTION-B,RF-F013,v1,-55.00,USD,gross_refund,SITE-MGR-04,AUTH-F013,2026-08-19T09:00:00-06:00,idem-f013,PROVIDER-B,accepted_terminal,refund_1313,2026-08-19T09:00:05-06:00,reversal_received,reversed,2026-08-22T09:00:00-06:00,reversal_posted,J-REV-F013,2026-08,2026-08-22T09:10:00-06:00,present,BK-REV-F013,matched,REC-F013,reopened,original_reconciliation_superseded,RECONCILER-02,reconcile_reversal_without_deleting_original,"Fictional reversal; history and original identities remain."
FSG-R014,TF-FICTION-014,vendor_payment,FAC-FICTION-FOXTROT,LE-FICTION-C,AP-F014,v1,-1200.00,USD,gross_disbursement,AP-CLERK-02,AUTH-F014,2026-08-22T12:00:00-06:00,idem-f014,BANK-ROUTE-C,accepted,bank_req_1414,2026-08-22T12:00:04-06:00,await_bank_evidence,submitted,2026-08-22T12:00:04-06:00,posted,J-F014,2026-08,2026-08-22T11:58:00-06:00,present,BK-F014,candidate_manual_match,REC-F014,review_required,amount_only_match,REVIEWER-03,reject_amount_only_match_and_request_strong_reference,"Fictional match; amount similarity is insufficient."
FSG-R015,TF-FICTION-015,fee,FAC-FICTION-ALDER,LE-FICTION-A,FEE-F015,v1,-12.00,USD,bank_fee,BANK-ACCT-A,AUTH-F015,2026-08-22T13:00:00-06:00,idem-f015,LEDGER-A,not_applicable,none,unknown,bank_originated,not_applicable,unknown,not_posted,none,2026-08,unknown,present,BK-F015,unmatched,REC-F015,open,ledger_entry_missing,ACCOUNTING-EXCEPTION-01,apply_qualified_posting_rule_or_preserve_open_item,"Fictional bank-originated fee; no accounting treatment is prescribed."
FSG-R016,TF-FICTION-016,deposit,FAC-FICTION-BIRCH,LE-FICTION-A,DEP-F016,v2,600.00,USD,gross_deposit,SITE-MGR-02,AUTH-F016,2026-08-22T14:00:00-06:00,idem-f016,BANK-ACCT-A,accepted,dep_1616,2026-08-22T14:00:02-06:00,await_posting_period_decision,received_at_bank,2026-08-22T14:05:00-06:00,posting_period_conflict,J-F016-DRAFT,2026-09,unknown,present,BK-F016,blocked,REC-F016,review_required,source_and_posting_period_disagree,FINANCIAL-CONTROL-01,resolve_period_under_qualified_policy_without_overwrite,"Fictional cutoff conflict; no period conclusion is implied."
