test_id,level,control_area,scenario,expected_gate,required_evidence,required_disposition,stop_condition,readback_method,rollback_or_compensation,residual_owner,evidence_boundary,fictional_flag,status
CPQ-001,Beginner,Assertion identity,Operator overwrites a wrong value without preserving the predecessor,fail,Two immutable assertion IDs and correction link,replace,Predecessor identity missing,Inspect correction packet lineage,Restore from protected history if possible,fictional-data-owner,"No claim that a stored current value proves correction completeness",yes,ready
CPQ-002,Beginner,Authority,A manager proposes a correction outside the manager's recorded scope,hold,Current authority record and exact scope,quarantine,Qualified authority absent,Read exact approval and scope record,Retain predecessor as governing until approved,fictional-operations-owner,"No legal employment or role conclusion",yes,ready
CPQ-003,Beginner,Effective time,Corrected value is known but its governing start time is unknown,hold,Dated source evidence and time-basis rule,quarantine,Effective time unresolved,Query packet time fields,Do not backdate or recompute history,fictional-source-owner,"No historical fact or customer-impact conclusion",yes,ready
CPQ-004,Beginner,Source evidence,Correction arrives in an unreferenced chat message,hold,Qualified source reference and author identity,quarantine,Source cannot be qualified,Open evidence reference and compare subject,Preserve reported candidate separately,fictional-source-owner,"No claim that message delivery establishes truth",yes,ready
CPQ-005,Beginner,Propagation scope,Source row changed and ticket is marked complete,fail,Named consumer inventory with dispositions,multi_consumer_propagation,Any known consumer unassigned,Check every consumer readback,Reopen correction and freeze dependency snapshot,fictional-correction-owner,"Source update is not operational closure",yes,ready
CPQ-006,Beginner,Immutable history,Historical recommendation contains the superseded assertion,pass_with_annotation,Original input envelope and correction ID,annotate,Original record would be rewritten,Read immutable record plus correction link,Remove current-use eligibility without altering history,fictional-ai-governance-owner,"No recommendation quality or model-performance claim",yes,ready
CPQ-007,Beginner,Sent communication,Customer-facing fictional message was already sent,escalate,Exact sent record recipient scope and consequence review,cannot_reverse,Owner disposition absent,Read communication and correction ledgers,Issue correction notice only if authorized,fictional-communications-owner,"No actual recipient delivery harm or resolution evidence",yes,ready
CPQ-008,Beginner,Public representations,Visible page changes but structured data retains predecessor,fail,Page and structured-data versions,replace,Representations disagree,Fetch both exact outputs,Restore prior release or correct both,fictional-web-owner,"No publication indexing or search-display claim",yes,ready
CPQ-009,Beginner,State language,Write receipt is labeled reconciled,fail,Separated accepted executed readback and reconciled states,annotate,Receipt used as closure proof,Compare state ledger and output query,Correct status without altering receipt,fictional-correction-owner,"Provider receipt is not governing-output proof",yes,ready
CPQ-010,Beginner,No-action decision,Spreadsheet consumer is assigned no action without a reason,hold,Reason owner consequence class and review date,no_action,Reason or authority missing,Inspect no-action fields,Quarantine spreadsheet from current use,fictional-consumer-owner,"No claim that low effort means low consequence",yes,ready
CPQ-011,Intermediate,Concurrency,Source changes again after correction qualification,stop,Current predecessor hash or entity tag,rebase,Precondition mismatch,Read current governing assertion,Create superseding packet from new predecessor,fictional-source-owner,"No lost-update prevention beyond tested resource",yes,ready
CPQ-012,Intermediate,Cache scope,HTTP cache invalidated but nightly export remains old,fail,Cache receipt export manifest and source version,invalidate_and_recompute,Export still references predecessor,Fresh GET plus export row check,Rebuild export or hold distribution,fictional-integration-owner,"Cache invalidation does not prove derivative correction",yes,ready
CPQ-013,Intermediate,Transformation identity,Report recomputed with an unrecorded new formula,hold,Input versions transformation ID and code hash,recompute,Transformation differs without approval,Compare candidate to qualified transform,Recompute with approved version,fictional-report-owner,"No metric truth financial or performance claim",yes,ready
CPQ-014,Intermediate,Idempotency,Retry creates two correction notices,fail,Stable idempotency key and prior execution receipt,notify,Duplicate side effect possible,Count exact send operations,Suppress duplicate and preserve both attempts,fictional-communications-owner,"No real send delivery or response claim",yes,ready
CPQ-015,Intermediate,Tombstone retention,Delete marker may expire before slow consumer catches up,hold,Retention deadline and consumer checkpoint,retract,Consumer cannot observe marker before deadline,Compare offset to deletion-retention boundary,Use qualified snapshot rebuild path,fictional-stream-owner,"No Kafka deployment or delivery guarantee",yes,ready
CPQ-016,Intermediate,Consumer lag,Consumer reports healthy but checkpoint predates correction,fail,Partition offset or equivalent version checkpoint,replay,Post-correction checkpoint absent,Query consumer position and governing state,Replay from bounded qualified source,fictional-stream-owner,"Health status is not correction observation",yes,ready
CPQ-017,Intermediate,Duplicate execution,Same correction packet runs after completion,pass_if_idempotent,Execution receipt idempotency key and output version,no_action,Output or side effect would duplicate,Read current output and receipt,Return existing receipt without executing,fictional-workflow-owner,"No general exactly-once guarantee",yes,ready
CPQ-018,Intermediate,Late event,Predecessor event arrives after corrected state is serving,stop,Event time observation time version and causation chain,quarantine,Late event would regress governing state,Read state version after attempted ingest,Reject or route to adjudication,fictional-event-owner,"No assertion about real provider ordering",yes,ready
CPQ-019,Intermediate,Correction of correction,Second authorized correction arrives before first reconciles,stop_and_supersede,Two packets authority and precedence rule,annotate,Two active governing candidates exist,Read supersession graph and source,Close first as superseded not reconciled,fictional-correction-owner,"No automatic merge or truth selection claim",yes,ready
CPQ-020,Intermediate,Partial execution,Four consumers pass and one fails,remain_open,Per-consumer receipts and states,quarantine,Any required consumer failed,Read all five governing outputs,Roll back affected high-consequence consumers or isolate,fictional-correction-owner,"Partial success is not correction closure",yes,ready
CPQ-021,Advanced,Dependency completeness,Graph query excludes manually maintained workbook,qualified_hold,Closure query known-gap register and owner,quarantine,Unowned consumer gap remains,Compare inventory to access and export evidence,Hold workbook distribution and add consumer,fictional-data-governance-owner,"No claim that graph traversal proves complete reality",yes,ready
CPQ-022,Advanced,Dependency cycles,Report and feature store derive from each other,stop,Versioned dependency graph and cycle trace,quarantine,No acyclic recomputation order,Validate graph topology,Break cycle under approved source rule,fictional-architecture-owner,"No claim that topology alone establishes semantic correctness",yes,ready
CPQ-023,Advanced,AI retrieval,Old chunk deleted but response cache serves prior answer,fail,Chunk manifest index version response-cache version and query probe,invalidate,Any current-state query returns predecessor,Probe uncached and cached paths,Invalidate response cache and rebuild,fictional-ai-context-owner,"Retrieval readback is not model truth or safety evidence",yes,ready
CPQ-024,Advanced,Evaluation correction,Corrected identity changes benchmark cohort membership,version_required,Old and new dataset manifests labels and inclusion rule,retract_and_recompute,Published score would be silently edited,Compare cohort rows and recomputed outputs,Publish versioned correction note if released,fictional-evaluation-owner,"No benchmark causal model or industry-performance claim",yes,ready
CPQ-025,Advanced,Recommendation history,Historical recommendation is rewritten with corrected context,fail,Immutable original envelope correction link and reevaluation ID,annotate,Original decision evidence changed,Hash original and corrected records,Restore original and create separate reevaluation,fictional-ai-governance-owner,"No claim the reevaluated recommendation would be better",yes,ready
CPQ-026,Advanced,Canonical surfaces,Owned page updates while downloadable fact sheet stays old,fail,Canonical manifest file hashes and dependency list,replace,Any governed public artifact differs,Fetch and hash exact surfaces,Restore prior release or update atomically,fictional-publisher-owner,"No crawl indexing ranking or coverage claim",yes,ready
CPQ-027,Advanced,Financial state,Fictional ledger reversal affects unreleased management draft,qualified_review,Ledger snapshot transformation version and accounting owner,recompute,Accounting authority or posting state unresolved,Compare corrected draft to governing ledger,Retain restricted predecessor draft for audit,fictional-accounting-owner,"No revenue cash accounting valuation or financial-statement evidence",yes,ready
CPQ-028,Advanced,Access consequence,Wrong fictional eligibility fact already triggered an access change,escalate,Action receipt current access state authority and safety review,cannot_reverse,Physical or access consequence lacks qualified owner,Read governing access controller state,Use authorized compensating action not blind replay,fictional-access-owner,"No real access instruction safety conclusion or incident closure",yes,ready
CPQ-029,Advanced,Sensor identity,Device reading was attached to wrong fictional unit,qualified_repair,Mapping versions affected-event set and incident owner,annotate_and_recompute,Historical alert would be erased,Query corrected mapping and affected records,Preserve original attribution plus correction link,fictional-device-data-owner,"No real sensor condition alarm or safety event",yes,ready
CPQ-030,Advanced,Protected values,Correction packet copies private customer value into broad register,fail,Data classification protected reference and least-necessary review,quarantine,Sensitive raw value leaves approved boundary,Inspect register fields and access scope,Replace value with protected reference or hash,fictional-privacy-owner,"No privacy compliance or legal conclusion",yes,ready
CPQ-031,Architect,Schema limits,Fictional packet passes JSON Schema and is called operationally correct,fail,Schema report plus truth authority dependency and readback reviews,annotate,Structural conformance is used as fitness proof,Review missing semantic evidence,Correct claim and keep packet held,fictional-architecture-owner,"Schema validity is not truth authority safety or closure",yes,ready
CPQ-032,Architect,Closure version,Consumer graph changes during propagation,stop_and_rebase,Dependency snapshot diff and new consumer owner,rebase,Execution targets no longer match approved closure,Compare dependency versions,Create revised approved propagation plan,fictional-correction-owner,"No claim a stale graph remains complete",yes,ready
CPQ-033,Architect,Lineage granularity,Column lineage exists but row cohort affected by correction is unknown,qualified_hold,Row-selection rule cohort query and uncertainty bound,recompute,Impact population cannot be bounded,Run qualified affected-row query,Quarantine derivative or recompute broader safe scope,fictional-data-lineage-owner,"No exact impact count without reproducible cohort",yes,ready
CPQ-034,Architect,Replay safety,Event replay can resend a message or reopen access,stop,Side-effect inventory suppression controls and consequence approval,replay,Unsafe side effect is enabled,Run dry simulation and inspect provider state,Use state repair or compensating action instead,fictional-workflow-owner,"Technical idempotency is not business-effect safety",yes,ready
CPQ-035,Architect,Retraction graph,Source assertion retracted but derived recommendation stays eligible,fail,Retraction event dependency edge and recommendation status,retract,Derivative remains eligible for current use,Query eligibility and correction linkage,Remove eligibility and create separate reevaluation,fictional-ai-governance-owner,"No inference that retraction reverses prior human action",yes,ready
CPQ-036,Architect,External provider,Vendor accepts correction request with tracking ID,remain_open,Exact request receipt provider state and public or API readback,notify,Provider output not independently read back,Check exact target surface or API,Follow governed escalation window,fictional-vendor-owner,"Request receipt is not delivery acceptance publication or correction",yes,ready
CPQ-037,Architect,Distributed readback,Primary region is corrected but secondary region is stale,fail,Region-specific version and readback evidence,invalidate,Any serving region returns predecessor,Query all governing regions,Hold release or invalidate lagging replica,fictional-platform-owner,"One-region success is not global consistency proof",yes,ready
CPQ-038,Architect,Racing corrections,Two authorized packets target same assertion concurrently,stop,Precondition precedence policy and authority comparison,rebase,Both candidates cannot be serialized,Read current version and active packet registry,Choose explicit supersession order,fictional-correction-owner,"No automated truth selection from timestamp alone",yes,ready
CPQ-039,Architect,Historical snapshots,Old snapshot remains queryable after current correction,pass_with_label,Snapshot IDs current pointer retention policy and consumer rule,annotate,Historical snapshot can be mistaken for current,Query current and time-travel views,Label or restrict current-decision use,fictional-table-owner,"Historical availability does not make old data current",yes,ready
CPQ-040,Architect,Residual acceptance,Nonreversible effect remains after all mutable consumers pass,close_with_residual,Named residual authority evidence and review date,cannot_reverse,Residual lacks accountable acceptance,Read residual ledger and owner approval,Execute approved compensation if later available,fictional-executive-owner,"Accepted residual is not reversal resolution safety or absence of harm",yes,ready
